<?xml version="1.0" encoding="UTF-8"?>
<project-private xmlns="http://www.netbeans.org/ns/project-private/1">
    <editor-bookmarks xmlns="http://www.netbeans.org/ns/editor-bookmarks/2" lastBookmarkId="0"/>
    <open-files xmlns="http://www.netbeans.org/ns/projectui-open-files/2">
        <group>
            <file>file:/C:/Users/luluk/OneDrive/سطح%20المكتب/Java2/RideNGo_OOP2/src/RideNGo/RideNGoWindow.java</file>
            <file>file:/C:/Users/luluk/OneDrive/سطح%20المكتب/Java2/RideNGo_OOP2/src/RideNGo/Golf.java</file>
            <file>file:/C:/Users/luluk/OneDrive/سطح%20المكتب/Java2/RideNGo_OOP2/src/RideNGo/LoginWindow.java</file>
            <file>file:/C:/Users/luluk/OneDrive/سطح%20المكتب/Java2/RideNGo_OOP2/src/RideNGo/ReservationWindow.java</file>
            <file>file:/C:/Users/luluk/OneDrive/سطح%20المكتب/Java2/RideNGo_OOP2/src/RideNGo/SigninWindow.java</file>
            <file>file:/C:/Users/luluk/OneDrive/سطح%20المكتب/Java2/RideNGo_OOP2/src/RideNGo/dataException.java</file>
            <file>file:/C:/Users/luluk/OneDrive/سطح%20المكتب/Java2/RideNGo_OOP2/src/RideNGo/printWindow.java</file>
        </group>
    </open-files>
</project-private>
